"","PC1","PC2"
"BC1_ERPR",-17.0876705782049,1.84872660943217
"BC1_HER2",-14.9803038981598,1.86598314054214
"BC1_TN",54.1110951163003,-11.3261428362158
"BC2",39.0644624116185,-72.28177936469
"BC3",-22.9476126806474,4.08956263013167
"GC",64.1378081030441,61.7529986701538
"Oral_Front",-22.3976920777937,0.809291744313055
"Oral_Inner",-26.3888379972611,2.39160076829004
"PC_AcinarAdenocarcinoma",-27.5513682376954,4.96248865918486
"PC_DuctalAdenocarcinoma",-25.959880161199,5.88726997885642
