"","PC1","PC2"
"BC1_ERPR",-20.0347381767394,38.401380637528
"BC1_HER2",-29.1281198165534,19.7002272708202
"BC1_TN",-26.9475168727145,14.098676790614
"BC2",-22.1509609523356,9.92190871582858
"BC3",44.5374178362123,62.539252652769
"GC",-67.3213717127778,-37.0751267440546
"Oral_Front",31.3449216184823,-2.14079478571062
"Oral_Inner",35.1628908751306,-49.8547545925459
"PC_AcinarAdenocarcinoma",27.3684979076469,-39.6156893973035
"PC_DuctalAdenocarcinoma",27.1689792936499,-15.9750805479453
